Cris Beriso, cris@beriso.com, beriso, criscris, admin
Yannick, yan@nick.com, yanscf, criscris, regular
Cofy, cofy@gos.com, cofygos, criscris, regular
Rocket, rocket@gat.com, rocketgat, criscris, regular
Pine Apple, pine@apple.com, pineapple, criscris, regular
Water Melon, water@melon.com, watermelon, criscris, regular
Straw Berry, straw@berry.com, strawberry, criscris, regular
Blue Berry, blue@berry.com, blueberry, criscris, regular
Black Berry, black@berry.com, blackberry, criscris, regular
Mango Tango, mango@tango.com, mangotango, criscris, regular
Cran Berry, cran@berry.com, cranberry, criscris, regular
Kiwi Fruit, kiwi@fruit.com, kiwifruit, criscris, regular
Passion Fruit, passion@fruit.com, passionfruit, criscris, regular
Lime Light, lime@light.com, limelight, criscris, regular
Cherry Pop, cherry@pop.com, cherrypop, criscris, regular
Peach Cobb, peach@cobb.com, peachcobb, criscris, regular
Grape Vine, grape@vine.com, grapevine, criscris, regular
Pear Tree, pear@tree.com, peartree, criscris, regular
Coconut Love, coconut@love.com, coconutlove, criscris, regular
Banana Split, banana@split.com, bananasplit, criscris, regular
Orange Peel, orange@peel.com, orangepeel, criscris, regular
Guava Sweet, guava@sweet.com, guavasweet, criscris, regular
Melon Ball, melon@ball.com, melonball, criscris, regular
Berry Blast, berry@blast.com, berryblast, criscris, regular