Vet Happy, vet.happy@email.com, vets, 36.7213, -4.4214, Checkups; Vaccines; Surgery, Main Street 123, Málaga, 29001


Vet Happy,vet.happy@email.com,vets, 36.7213 -4.4214, Checkups; Vaccines; Surgery,Main Street 123,Málaga,29001
Grooming Paradise,grooming@email.com,grooming,40.4168,-3.7038,Haircut; Nails; Bath,Second Street,Madrid,28001
Dog Trainers Inc.,trainers@email.com,trainer,37.3886,-5.9823,Obedience; Socializing; Agility,Prado Avenue,Sevilla,41001
Animal Sitters Pro.,sitters@email.com,pet sitter,37.1773,-3.5986,Walking; Feeding; Boarding,Central Road,Granada,18001
Paw Perfect Clinic,paw.perfect@email.com,vets,39.4699,-0.3763,Ultrasounds; Neutering; Emergencies,Real Street 45,Valencia,46001
Fur Friends Groomers,fur.groomers@email.com,grooming,41.3784,2.1936,Grooming; De-shedding; Hydration,Luna Street 22,Barcelona,08001
Elite Dog Trainers,elite.dog@email.com,trainer,43.2630,-2.9350,Basic Training; Clicker Training; Behavioral Fix,Green Way,Bilbao,48001
Happy Pets Sitters,happysitters@email.com,pet sitter,41.6488,-0.8891,Visits; Playtime; Long Walks,Main Avenue,Zaragoza,50001
Healthy Paws Clinic,healthypaws@email.com,vets,36.7213,-4.4214,Lab Tests; Vaccines; Hospitalization,Gran Via 100,Málaga,29001
Fluffy Grooming Studio,fluffy@email.com,grooming,36.5333,-6.2998,Flea Treatment; Brushing; Hydrotherapy,Marina Street,Cádiz,11001
Smart Dog Training,smart.dog@email.com,trainer,37.3886,-5.9823,Advanced Obedience; Positive Reinforcement; Puppy Training,Dog Lane 12,Sevilla,41001
All-Care Sitters,allcare@email.com,pet sitter,37.9835,-1.1307,Night Walks; Special Diets; Supervision,New Neighborhood,Murcia,30001
Royal Vet Care,royalvet@email.com,vets,39.8628,-4.0273,Vaccines; Microchips; Treatments,Kings Street,Toledo,45001
Golden Paws Grooming,golden.paws@email.com,grooming,41.6523,-4.7282,Style Cuts; Medicinal Baths; Flea Prevention,North Street,Valladolid,47001
Top Trainers Academy,toptrainers@email.com,trainer,42.3401,-3.6969,Basic Obedience; Mental Games; Group Training,High Street 25,Burgos,09001
Tender Care Sitters,tendercare@email.com,pet sitter,36.7213,-4.4214,Medical Supervision; 24/7 Care; Companionship,Forest Walk,Málaga,29001
Happy Tails Vet,happytails@email.com,vets,37.8882,-4.7794,Vaccines; X-rays; Emergency Care,River Road 34,Córdoba,14001
Paws & Relax Grooming,pawsrelax@email.com,grooming,39.4699,-0.3763,Bath; Teeth Cleaning; Hair Styling,Lakeview Avenue 56,Valencia,46001
Pro Dog Trainers,protrainers@email.com,trainer,40.4168,-3.7038,Recall Training; Agility Courses; Puppy Socializing,Dog Park Lane,Madrid,28001
Safe Haven Sitters,safehaven@email.com,pet sitter,38.3450,-0.4831,Feeding; Overnight Care; Walks,Pine Street 88,Alicante,03001
Elite Vet Care,elitevet@email.com,vets,36.7213,-4.4214,Diagnostics; Surgeries; Routine Checkups,Sunset Boulevard 120,Málaga,29001
Barcelona Vet Care,barcelona.vet@email.com,vets,41.3984,2.1915,Checkups; Vaccines; Surgery,Diagonal Avenue 200,Barcelona,08001
Paws & Claws Grooming,paws.claws@email.com,grooming,41.4025,2.1614,Grooming; De-shedding; Bathing,Gracia Street 45,Barcelona,08012
Top Dogs Training Academy,topdogs@email.com,trainer,41.3843,2.1827,Obedience; Agility; Behavioral Fix,El Born 12,Barcelona,08003
Pet Sitters Barcelona,petsitters@email.com,pet sitter,41.3797,2.1735,Feeding; Walking; Boarding,Las Ramblas 85,Barcelona,08002
Fur-tastic Groomers,fur.tastic@email.com,grooming,41.3992,2.1774,Flea Treatment; Nail Clipping; Coat Care,Passeig de Sant Joan 123,Barcelona,08025
