Maria Perez, maria@perez.com, 123123123, elder, +3412123123123
Eva Rojas, eva@rojas.com, 123123123, caregiver, +3412123123123
Pepi Aldana, pepi@aldana.com, 123123123, elder, +3412123123123
Maye Darling, maye@darling.com, 123123123, caregiver, +3412123123123
Yosi Camejo, yosi@camejo.com, 123123123, caregiver, +3412123123123
Carmen Ramirez, carmen@ramirez.com, 123123123, elder, +3412123123123
Luis Ortega, luis@ortega.com, 123123123, elder, +3412123123123
Ana Lopez, ana@lopez.com, 123123123, caregiver, +3412123123123
Clara Luna, clara@luna.com, 123123123, caregiver, +3412123123123
Ricardo Morales, ricardo@morales.com, 123123123, elder, +3412123123123
Laura Castillo, laura@castillo.com, 123123123, caregiver, +3412123123123