Adana,Turquía
Alajuela,Costa Rica
Albuquerque,Estados Unidos
Alicante,España
Ambato,Ecuador
Ámsterdam,Países Bajos
Ankara,Turquía
Antalya,Turquía
Antofagasta,Chile
Arequipa,Perú
Arlington,Estados Unidos
Asunción,Paraguay
Atlanta,Estados Unidos
Austin,Estados Unidos
Baltimore,Estados Unidos
Barcelona,España
Barquisimeto,Venezuela
Barranquilla,Colombia
Basilea,Suiza
Bayamón,Puerto Rico
Beijing,China
Bergen,Noruega
Berlín,Alemania
Berna,Suiza
Bilbao,España
Birmingham,Reino Unido
Bogotá,Colombia
Boston,Estados Unidos
Buenos Aires,Argentina
Bursa,Turquía
Busan,Corea del Sur
Caguas,Puerto Rico
Cali,Colombia
Camagüey,Cuba
Capiatá,Paraguay
Caracas,Venezuela
Carolina,Puerto Rico
Cartagena,Colombia
Cartago,Costa Rica
Changwon,Corea del Sur
Charlotte,Estados Unidos
Chengdu,China
Chiba,Japón
Chicago,Estados Unidos
Chiclayo,Perú
Choloma,Honduras
Chongqing,China
Ciudad de Guatemala,Guatemala
Ciudad de México,México
Ciudad de Panamá,Panamá
Ciudad del Este,Paraguay
Ciudad Guayana,Venezuela
Cochabamba,Bolivia
Colón,Panamá
Colonia,Alemania
Columbus,Estados Unidos
Concepción,Chile
Córdoba,Argentina
Cork,Irlanda
Cuenca,Ecuador
Daegu,Corea del Sur
Daejeon,Corea del Sur
Dalian,China
Dallas,Estados Unidos
David,Panamá
Denver,Estados Unidos
Detroit,Estados Unidos
Dongguan,China
Drammen,Noruega
Dublín,Irlanda
Eindhoven,Países Bajos
El Alto,Bolivia
El Paso,Estados Unidos
El Progreso,Honduras
Escuintla,Guatemala
Estambul,Turquía
Fort Worth,Estados Unidos
Foshan,China
Frankfurt,Alemania
Fresno,Estados Unidos
Fukuoka,Japón
Galway,Irlanda
Gaziantep,Turquía
Ginebra,Suiza
Glasgow,Reino Unido
Granada,Nicaragua
Guadalajara,México
Guangzhou,China
Guantánamo,Cuba
Guayaquil,Ecuador
Gwangju,Corea del Sur
Hamamatsu,Japón
Hamburgo,Alemania
Hangzhou,China
Harbin,China
Heredia,Costa Rica
Higuey,República Dominicana
Hiroshima,Japón
Holguín,Cuba
Houston,Estados Unidos
Incheon,Corea del Sur
Indianapolis,Estados Unidos
Izmir,Turquía
Jacksonville,Estados Unidos
Jinan,China
Kansas City,Estados Unidos
Kawasaki,Japón
Kayseri,Turquía
Kitakyushu,Japón
Kobe,Japón
Konya,Turquía
Kumamoto,Japón
Kyoto,Japón
La Ceiba,Honduras
La Chorrera,Panamá
La Habana,Cuba
La Haya,Países Bajos
La Paz,Bolivia
La Plata,Argentina
La Romana,República Dominicana
La Serena,Chile
Las Piedras,Uruguay
Las Vegas,Estados Unidos
Lausana,Suiza
León,Nicaragua
Liberia,Costa Rica
Lima,Perú
Limerick,Irlanda
Liverpool,Reino Unido
Londres,Reino Unido
Long Beach,Estados Unidos
Los Angeles,Estados Unidos
Louisville,Estados Unidos
Luque,Paraguay
Lyon,Francia
Machala,Ecuador
Madrid,España
Málaga,España
Managua,Nicaragua
Manchester,Reino Unido
Maracaibo,Venezuela
Marsella,Francia
Masaya,Nicaragua
Matagalpa,Nicaragua
Medellín,Colombia
Mejicanos,El Salvador
Memphis,Estados Unidos
Mendoza,Argentina
Mersin,Turquía
Mesa,Estados Unidos
Miami,Estados Unidos
Milán,Italia
Milwaukee,Estados Unidos
Minneapolis,Estados Unidos
Mixco,Guatemala
Monterrey,México
Montevideo,Uruguay
Múnich,Alemania
Murcia,España
Nagoya,Japón
Nanjing,China
Nápoles,Italia
Nashville,Estados Unidos
New Orleans,Estados Unidos
New York,Estados Unidos
Niigata,Japón
Niza,Francia
Oakland,Estados Unidos
Okayama,Japón
Oklahoma City,Estados Unidos
Omaha,Estados Unidos
Osaka,Japón
Oslo,Noruega
Palermo,Italia
Palma,España
París,Francia
Paysandú,Uruguay
Philadelphia,Estados Unidos
Phoenix,Estados Unidos
Piura,Perú
Ponce,Puerto Rico
Portland,Estados Unidos
Puebla,México
Qingdao,China
Quetzaltenango,Guatemala
Quito,Ecuador
Raleigh,Estados Unidos
Rivera,Uruguay
Roma,Italia
Rosario,Argentina
Rotterdam,Países Bajos
Sacramento,Estados Unidos
Saitama,Japón
Sakai,Japón
Salto,Uruguay
San Antonio,Estados Unidos
San Diego,Estados Unidos
San Francisco,Estados Unidos
San Jose,Estados Unidos
San José,Costa Rica
San Juan,Puerto Rico
San Lorenzo,Paraguay
San Miguel,El Salvador
San Miguelito,Panamá
San Pedro de Macorís,República Dominicana
San Pedro Sula,Honduras
San Salvador,El Salvador
Santa Ana,El Salvador
Santa Cruz de la Sierra,Bolivia
Santiago,Chile
Santiago de Cuba,Cuba
Santiago de los Caballeros,República Dominicana
Santo Domingo,República Dominicana
Sapporo,Japón
Seattle,Estados Unidos
Sendai,Japón
Seúl,Corea del Sur
Sevilla,España
Shanghai,China
Shenyang,China
Shenzhen,China
Shizuoka,Japón
Soyapango,El Salvador
Stavanger,Noruega
Sucre,Bolivia
Suwon,Corea del Sur
Suzhou,China
Tampa,Estados Unidos
Tegucigalpa,Honduras
Tianjin,China
Tijuana,México
Tokyo,Japón
Toulouse,Francia
Trondheim,Noruega
Trujillo,Perú
Tucson,Estados Unidos
Tulsa,Estados Unidos
Turín,Italia
Ulsan,Corea del Sur
Utrecht,Países Bajos
Valencia,Venezuela
Valencia,España
Valparaíso,Chile
Villa Nueva,Guatemala
Virginia Beach,Estados Unidos
Washington,Estados Unidos
Waterford,Irlanda
Wichita,Estados Unidos
Wuhan,China
Xi'an,China
Yokohama,Japón
Yongin,Corea del Sur
Zaragoza,España
Zhengzhou,China
Zúrich,Suiza