Maria Perez, maria@perez.com, 123123123, elder
Eva Rojas, eva@rojas.com, 123123123, caregiver
Pepi Aldana, pepi@aldana.com, 123123123, elder
Maye Darling, maye@darling.com, 123123123, caregiver
Yosi Camejo, yosi@camejo.com, 123123123, caregiver
Carmen Ramirez, carmen@ramirez.com, 123123123, elder
Luis Ortega, luis@ortega.com, 123123123, elder
Ana Lopez, ana@lopez.com, 123123123, caregiver
Clara Luna, clara@luna.com, 123123123, caregiver
Ricardo Morales, ricardo@morales.com, 123123123, elder
Laura Castillo, laura@castillo.com, 123123123, caregiver